{
  "IcoMoonType": "selection",
  "icons": [
    {
      "icon": {
        "paths": [
          "M870.4 102.401h-51.199v-102.401h-102.401v102.401h-409.6v-102.401h-102.401v102.401h-51.199c-56.575 0-101.887 45.823-101.887 102.401l-0.514 716.798c0 56.575 45.823 102.401 102.401 102.401h716.8c56.575 0 102.401-45.823 102.401-102.401v-716.8c-0.002-56.575-45.826-102.398-102.401-102.398zM870.4 921.599h-716.8v-563.2h716.8v563.2z",
          "M743.935 515.071l-54.271-54.271-249.857 249.857-108.542-108.545-54.274 54.271 162.816 162.816z"
        ],
        "attrs": [
          {},
          {}
        ],
        "isMulticolor": false,
        "isMulticolor2": false,
        "grid": 0,
        "tags": [
          "event"
        ],
        "colorPermutations": {
          "2402150125025025012552552551": [
            {},
            {}
          ]
        }
      },
      "attrs": [
        {},
        {}
      ],
      "properties": {
        "order": 8,
        "id": 6,
        "name": "event",
        "prevSize": 32,
        "code": 59648
      },
      "setIdx": 0,
      "setId": 3,
      "iconIdx": 0
    },
    {
      "icon": {
        "paths": [
          "M680.583 80.071v129.907c118.288 61.081 199.378 184.363 199.378 326.771 0 203.149-164.693 367.91-367.842 367.91-203.217 0-367.978-164.761-367.978-367.91 0-130.586 68.35-245.104 170.842-310.363v-135.036c-170.774 75.722-290.15 246.497-290.15 445.433 0 269.087 218.096 487.218 487.15 487.218 269.189 0 487.218-218.13 487.218-487.218-0.034-209.841-132.896-388.021-318.618-456.712z",
          "M502.607 599.663c53.539 0 58.974-31.627 58.974-70.525v-458.478c0-38.999-5.435-70.661-58.974-70.661-53.335 0-58.838 31.661-58.838 70.661v458.478c-0.034 38.931 5.503 70.525 58.838 70.525z"
        ],
        "attrs": [
          {},
          {}
        ],
        "isMulticolor": false,
        "isMulticolor2": false,
        "grid": 0,
        "tags": [
          "icon"
        ],
        "colorPermutations": {
          "2402150125025025012552552551": [
            {},
            {}
          ]
        }
      },
      "attrs": [
        {},
        {}
      ],
      "properties": {
        "order": 13,
        "id": 4,
        "name": "icon",
        "prevSize": 32,
        "code": 59651
      },
      "setIdx": 0,
      "setId": 3,
      "iconIdx": 1
    },
    {
      "icon": {
        "paths": [
          "M935.624 863.702l-73.258-122.112c-33.834-56.362-51.712-120.918-51.712-186.624v-106.966c0-135.040-90.112-249.258-213.334-286.080v-76.586c0-47.062-38.272-85.334-85.334-85.334s-85.334 38.272-85.334 85.334v76.586c-123.22 36.822-213.332 151.040-213.332 286.080v106.966c0 65.706-17.878 130.218-51.67 186.582l-73.258 122.112c-3.968 6.614-4.054 14.806-0.256 21.504s10.838 10.838 18.518 10.838h810.666c7.68 0 14.762-4.138 18.56-10.794 3.798-6.658 3.67-14.936-0.256-21.506z",
          "M377.63 938.666c24.064 50.262 75.008 85.334 134.356 85.334s110.294-35.072 134.358-85.334h-268.714z"
        ],
        "attrs": [
          {
            "fill": "rgb(255, 255, 255)"
          },
          {
            "fill": "rgb(255, 255, 255)"
          }
        ],
        "isMulticolor": false,
        "isMulticolor2": false,
        "grid": 0,
        "tags": [
          "notification"
        ],
        "colorPermutations": {
          "2402150125025025012552552551": [
            {
              "f": 2
            },
            {
              "f": 2
            }
          ]
        }
      },
      "attrs": [
        {
          "fill": "rgb(255, 255, 255)"
        },
        {
          "fill": "rgb(255, 255, 255)"
        }
      ],
      "properties": {
        "order": 16,
        "id": 3,
        "name": "notification",
        "prevSize": 32,
        "code": 59652
      },
      "setIdx": 0,
      "setId": 3,
      "iconIdx": 2
    },
    {
      "icon": {
        "paths": [
          "M936.96 138.24l-81.92-87.040-87.040 87.040-87.040-87.040-87.040 87.040-81.92-87.040-87.040 87.040-81.92-87.040-87.040 87.040-87.040-87.040-81.92 87.040-87.040-87.040v819.2c0 56.32 46.080 102.4 102.4 102.4h819.2c56.32 0 102.4-46.080 102.4-102.4v-819.2l-87.040 87.040zM512 870.4h-409.6v-358.4h409.6v358.4zM921.6 870.4h-358.4v-51.2h358.4v51.2zM921.6 768h-358.4v-51.2h358.4v51.2zM921.6 665.6h-358.4v-51.2h358.4v51.2zM921.6 563.2h-358.4v-51.2h358.4v51.2zM921.6 460.8h-819.2v-153.6h819.2v153.6z"
        ],
        "attrs": [
          {}
        ],
        "isMulticolor": false,
        "isMulticolor2": false,
        "grid": 0,
        "tags": [
          "screen-with-news-sections"
        ],
        "colorPermutations": {
          "2402150125025025012552552551": [
            {}
          ]
        }
      },
      "attrs": [
        {}
      ],
      "properties": {
        "order": 11,
        "id": 2,
        "name": "screen-with-news-sections",
        "prevSize": 32,
        "code": 59653
      },
      "setIdx": 0,
      "setId": 3,
      "iconIdx": 3
    },
    {
      "icon": {
        "paths": [
          "M731.429 643.657h-46.811l-17.552-17.554c58.514-64.366 93.623-152.137 93.623-245.76-0.002-210.651-169.694-380.343-380.345-380.343s-380.343 169.691-380.343 380.343 169.691 380.343 380.343 380.343c93.623 0 181.394-35.109 245.76-93.623l17.554 17.552v46.811l292.571 292.574 87.771-87.771-292.571-292.571zM380.343 643.657c-146.286 0-263.314-117.029-263.314-263.314s117.029-263.314 263.314-263.314 263.314 117.029 263.314 263.314-117.029 263.314-263.314 263.314z"
        ],
        "attrs": [
          {}
        ],
        "isMulticolor": false,
        "isMulticolor2": false,
        "grid": 0,
        "tags": [
          "searching-magnifying-glass"
        ],
        "colorPermutations": {
          "2402150125025025012552552551": [
            {}
          ]
        }
      },
      "attrs": [
        {}
      ],
      "properties": {
        "order": 7,
        "id": 1,
        "name": "searching-magnifying-glass",
        "prevSize": 32,
        "code": 59654
      },
      "setIdx": 0,
      "setId": 3,
      "iconIdx": 4
    },
    {
      "icon": {
        "paths": [
          "M1020.781 455.149c-1.619-14.394-18.402-25.211-32.915-25.211-46.92 0-88.556-27.55-106.018-70.158-17.839-43.64-6.336-94.534 28.632-126.611 11.007-10.062 12.344-26.906 3.113-38.607-24.015-30.495-51.31-58.042-81.112-81.915-11.67-9.365-28.792-8.062-38.912 3.143-30.518 33.799-85.337 46.36-127.697 28.686-44.082-18.543-71.88-63.212-69.159-111.161 0.895-15.061-10.112-28.156-25.127-29.905-38.245-4.423-76.825-4.561-115.185-0.305-14.844 1.638-25.851 14.425-25.352 29.295 1.669 47.477-26.464 91.364-70.108 109.241-41.853 17.096-96.287 4.641-126.744-28.857-10.066-11.034-26.91-12.39-38.637-3.25-30.686 24.076-58.594 51.645-82.83 81.889-9.453 11.758-8.062 28.8 3.056 38.916 35.635 32.271 47.141 83.607 28.628 127.75-17.675 42.085-61.376 69.209-111.405 69.209-16.234-0.522-27.798 10.375-29.573 25.135-4.503 38.466-4.557 77.66-0.221 116.438 1.608 14.455 18.902 25.177 33.574 25.177 44.585-1.139 87.39 26.464 105.347 70.162 17.899 43.64 6.393 94.504-28.628 126.607-10.954 10.062-12.344 26.88-3.113 38.58 23.79 30.301 51.089 57.874 80.997 81.946 11.731 9.453 28.8 8.119 38.969-3.086 30.633-33.883 85.447-46.421 127.639-28.712 44.192 18.486 71.99 63.151 69.27 111.127-0.888 15.069 10.173 28.187 25.127 29.909 19.564 2.282 39.247 3.421 58.983 3.421 18.734 0 37.472-1.029 56.205-3.113 14.848-1.638 25.847-14.425 25.348-29.322-1.718-47.45 26.464-91.338 70.051-109.184 42.135-17.21 96.34-4.614 126.801 28.849 10.123 11.011 26.849 12.341 38.641 3.231 30.629-24.018 58.48-51.565 82.83-81.893 9.449-11.731 8.115-28.8-3.059-38.912-35.635-32.271-47.199-83.615-28.686-127.727 17.404-41.525 59.482-69.407 104.741-69.407l6.332 0.164c14.68 1.193 28.187-10.116 29.966-25.1 4.511-38.5 4.564-77.66 0.229-116.438zM512.81 683.864c-94.176 0-170.78-76.604-170.78-170.78 0-94.172 76.604-170.78 170.78-170.78 94.172 0 170.777 76.608 170.777 170.78 0 94.176-76.604 170.78-170.777 170.78z"
        ],
        "attrs": [
          {}
        ],
        "isMulticolor": false,
        "isMulticolor2": false,
        "grid": 0,
        "tags": [
          "settings-work-tool"
        ],
        "colorPermutations": {
          "2402150125025025012552552551": [
            {}
          ]
        }
      },
      "attrs": [
        {}
      ],
      "properties": {
        "order": 12,
        "id": 0,
        "name": "settings-work-tool",
        "prevSize": 32,
        "code": 59655
      },
      "setIdx": 0,
      "setId": 3,
      "iconIdx": 5
    },
    {
      "icon": {
        "paths": [
          "M696.847 480.296c0 81.155-65.789 146.944-146.944 146.944s-146.944-65.789-146.944-146.944c0-81.155 65.789-146.944 146.944-146.944s146.944 65.789 146.944 146.944z",
          "M912.065 333.295l117.51-58.812c0 0-44.627-81.551-107.722-147.044-68.855-71.479-156.675-127.44-156.675-127.44l-68.557 127.44c0 0 71.55 44.754 127.312 98.020 51.818 49.52 88.133 107.836 88.133 107.836zM784.753 725.402c0 0 272.951-352.53-97.92-548.952-167.328-88.615-372.12 58.812-372.12 58.812l107.722 107.836c0 0 102.048-98.247 215.43-29.406 203.713 123.666 48.967 294.087 48.967 294.087l97.92 117.624zM207.004 490.141c0 0 19.576 161.314 97.92 235.261 91.934 86.771 244.808 88.232 244.808 88.232v-147.044c0 0-86.019 9.845-127.298-29.406-54.726-52.045-68.543-156.846-68.543-156.846l-146.888 9.802zM265.759 784.228c-259.021-317.734-9.802-548.967-9.802-548.967l-107.708-98.020c0 0-135.866 171.158-146.888 323.493-13.249 183.017 97.92 352.899 97.92 352.899s131.326 181.585 332.94 205.855c295.080 35.52 470.040-147.044 470.040-147.044l-107.708-107.836c0 0-69.905 74.827-186.067 98.034-118.049 23.59-282.881-5.007-342.728-78.416z"
        ],
        "attrs": [
          {
            "fill": "rgb(250, 250, 250)"
          },
          {
            "fill": "rgb(240, 215, 0)"
          }
        ],
        "width": 1030,
        "isMulticolor": true,
        "isMulticolor2": false,
        "grid": 0,
        "tags": [
          "hub"
        ],
        "colorPermutations": {
          "240215012502502501": [
            {
              "f": 1
            },
            {
              "f": 0
            }
          ]
        }
      },
      "attrs": [
        {
          "fill": "rgb(250, 250, 250)"
        },
        {
          "fill": "rgb(240, 215, 0)"
        }
      ],
      "properties": {
        "order": 15,
        "id": 0,
        "name": "hub2",
        "prevSize": 32,
        "code": 59649,
        "codes": [
          59649,
          59650
        ]
      },
      "setIdx": 1,
      "setId": 2,
      "iconIdx": 0
    },
    {
      "icon": {
        "paths": [],
        "attrs": [],
        "isMulticolor": false,
        "isMulticolor2": false,
        "grid": 0,
        "tags": [
          "hub"
        ]
      },
      "attrs": [],
      "properties": {
        "order": 4,
        "id": 0,
        "name": "hub",
        "prevSize": 32,
        "code": 59656
      },
      "setIdx": 2,
      "setId": 1,
      "iconIdx": 0
    },
    {
      "icon": {
        "paths": [
          "M979.438 357.24l-281.99-26.665c-17.776-1.616-33.137-12.928-40.401-29.897l-101.002-244.829c-16.16-40.401-73.538-40.401-89.698 0l-100.194 244.829c-6.464 16.968-22.624 28.281-40.401 29.897l-281.998 26.665c-42.017 4.040-58.985 56.561-27.473 84.842l212.508 186.652c13.736 12.12 19.392 29.897 15.352 47.673l-63.833 261.789c-9.696 41.217 34.745 75.146 71.914 53.337l235.133-138.179c15.352-8.888 33.937-8.888 49.289 0l235.141 138.179c37.169 21.808 81.61-11.312 71.905-53.337l-63.025-261.789c-4.040-17.776 1.616-35.553 15.352-47.673l212.508-186.652c30.705-28.281 12.928-80.802-29.089-84.842z"
        ],
        "attrs": [
          {}
        ],
        "isMulticolor": false,
        "isMulticolor2": false,
        "grid": 0,
        "tags": [
          "star-symbol"
        ]
      },
      "attrs": [
        {}
      ],
      "properties": {
        "order": 2,
        "id": 0,
        "name": "star-symbol",
        "prevSize": 32,
        "code": 127775
      },
      "setIdx": 3,
      "setId": 0,
      "iconIdx": 0
    }
  ],
  "height": 1024,
  "metadata": {
    "name": "icomoon"
  },
  "preferences": {
    "showGlyphs": true,
    "showCodes": true,
    "showQuickUse": true,
    "showQuickUse2": true,
    "showSVGs": true,
    "fontPref": {
      "prefix": "icon-",
      "metadata": {
        "fontFamily": "icomoon"
      },
      "metrics": {
        "emSize": 1024,
        "baseline": 6.25,
        "whitespace": 50
      },
      "embed": false
    },
    "imagePref": {
      "prefix": "icon-",
      "png": true,
      "useClassSelector": true,
      "color": 0,
      "bgColor": 16777215
    },
    "historySize": 50
  }
}